{
  "hash": "5f944c6c",
  "browserHash": "0d0c93c7",
  "optimized": {
    "@angular/common": {
      "src": "../../../../../node_modules/@angular/common/fesm2022/common.mjs",
      "file": "@angular_common.js",
      "fileHash": "6f51fa61",
      "needsInterop": false
    },
    "@angular/core": {
      "src": "../../../../../node_modules/@angular/core/fesm2022/core.mjs",
      "file": "@angular_core.js",
      "fileHash": "816c6d7a",
      "needsInterop": false
    },
    "@angular/platform-browser": {
      "src": "../../../../../node_modules/@angular/platform-browser/fesm2022/platform-browser.mjs",
      "file": "@angular_platform-browser.js",
      "fileHash": "fc96b418",
      "needsInterop": false
    },
    "@angular/router": {
      "src": "../../../../../node_modules/@angular/router/fesm2022/router.mjs",
      "file": "@angular_router.js",
      "fileHash": "4fc55b9c",
      "needsInterop": false
    }
  },
  "chunks": {
    "chunk-TC266TJD": {
      "file": "chunk-TC266TJD.js"
    },
    "chunk-4VJTHEMT": {
      "file": "chunk-4VJTHEMT.js"
    },
    "chunk-62IBDOE3": {
      "file": "chunk-62IBDOE3.js"
    }
  }
}